{"cameraMode":{"drawMode":0,"name":"Shaded","section":"Shading Mode"},"sceneLighting":false,"audioPlay":false,"sceneViewState":{"showFog":true,"showMaterialUpdate":false,"showSkybox":true,"showFlares":true,"showImageEffects":true,"showParticleSystems":true,"showVisualEffectGraphs":true,"m_FxEnabled":true},"in2DMode":false,"pivot":{"x":16.200462341308595,"y":-9.575669288635254,"z":28.95870590209961},"rotation":{"x":0.20336885750293733,"y":0.18955406546592713,"z":-0.040165454149246219,"w":0.9597463607788086},"size":24.709474563598634,"orthographic":false}