{"cameraMode":{"drawMode":0,"name":"Shaded","section":"Shading Mode"},"sceneLighting":false,"audioPlay":false,"sceneViewState":{"showFog":true,"showMaterialUpdate":false,"showSkybox":true,"showFlares":true,"showImageEffects":true,"showParticleSystems":true,"showVisualEffectGraphs":true,"m_FxEnabled":true},"in2DMode":false,"pivot":{"x":1.5012023448944092,"y":3.5390090942382814,"z":15.607673645019532},"rotation":{"x":-0.05546344816684723,"y":-0.01646178402006626,"z":0.0009151234989985824,"w":-0.9983232021331787},"size":4.235752105712891,"orthographic":true}