{"cameraMode":{"drawMode":0,"name":"Shaded","section":"Shading Mode"},"sceneLighting":false,"audioPlay":false,"sceneViewState":{"showFog":true,"showMaterialUpdate":false,"showSkybox":true,"showFlares":true,"showImageEffects":true,"showParticleSystems":true,"showVisualEffectGraphs":true,"m_FxEnabled":true},"in2DMode":false,"pivot":{"x":1.6348706483840943,"y":3.1398861408233644,"z":14.1898193359375},"rotation":{"x":-0.046481117606163028,"y":-0.005401895847171545,"z":0.00024330041196662933,"w":-0.99888676404953},"size":2.955101251602173,"orthographic":false}