{"cameraMode":{"drawMode":0,"name":"Shaded","section":"Shading Mode"},"sceneLighting":false,"audioPlay":false,"sceneViewState":{"showFog":true,"showMaterialUpdate":false,"showSkybox":true,"showFlares":true,"showImageEffects":true,"showParticleSystems":true,"showVisualEffectGraphs":true,"m_FxEnabled":true},"in2DMode":false,"pivot":{"x":-1.1450669765472413,"y":3.258796215057373,"z":12.367751121520996},"rotation":{"x":0.17061202228069306,"y":-0.07087747752666474,"z":0.012309693731367588,"w":0.9827262163162231},"size":7.750807285308838,"orthographic":false}