{"cameraMode":{"drawMode":0,"name":"Shaded","section":"Shading Mode"},"sceneLighting":false,"audioPlay":false,"sceneViewState":{"showFog":true,"showMaterialUpdate":false,"showSkybox":true,"showFlares":true,"showImageEffects":true,"showParticleSystems":true,"showVisualEffectGraphs":true,"m_FxEnabled":true},"in2DMode":false,"pivot":{"x":-0.0965099185705185,"y":3.162374973297119,"z":14.839862823486329},"rotation":{"x":-0.15032705664634705,"y":0.0008973056683316827,"z":-0.00013604613195639104,"w":-0.98863685131073},"size":10.170483589172364,"orthographic":false}