{"cameraMode":{"drawMode":0,"name":"Shaded","section":"Shading Mode"},"sceneLighting":true,"audioPlay":false,"sceneViewState":{"showFog":true,"showMaterialUpdate":false,"showSkybox":true,"showFlares":true,"showImageEffects":true,"showParticleSystems":true,"showVisualEffectGraphs":true,"m_FxEnabled":true},"in2DMode":false,"pivot":{"x":0.06160080432891846,"y":2.1244308948516847,"z":18.665681838989259},"rotation":{"x":0.0943177342414856,"y":-0.029861846938729287,"z":0.0028294853400439026,"w":0.9950950145721436},"size":6.27901029586792,"orthographic":false}