{"cameraMode":{"drawMode":0,"name":"Shaded","section":"Shading Mode"},"sceneLighting":false,"audioPlay":false,"sceneViewState":{"showFog":true,"showMaterialUpdate":false,"showSkybox":true,"showFlares":true,"showImageEffects":true,"showParticleSystems":true,"showVisualEffectGraphs":true,"m_FxEnabled":true},"in2DMode":false,"pivot":{"x":-0.7802836894989014,"y":-0.6086511611938477,"z":16.262100219726564},"rotation":{"x":-0.14971046149730683,"y":0.09007341414690018,"z":-0.013662735931575299,"w":-0.984560489654541},"size":12.366195678710938,"orthographic":false}