{"cameraMode":{"drawMode":0,"name":"Shaded","section":"Shading Mode"},"sceneLighting":false,"audioPlay":false,"sceneViewState":{"showFog":true,"showMaterialUpdate":false,"showSkybox":true,"showFlares":true,"showImageEffects":true,"showParticleSystems":true,"showVisualEffectGraphs":true,"m_FxEnabled":true},"in2DMode":false,"pivot":{"x":4.043161869049072,"y":3.3984785079956056,"z":10.26315689086914},"rotation":{"x":0.09967769682407379,"y":0.03283016383647919,"z":-0.0032900087535381319,"w":0.9944701194763184},"size":3.582103729248047,"orthographic":false}