{"cameraMode":{"drawMode":0,"name":"Shaded","section":"Shading Mode"},"sceneLighting":false,"audioPlay":false,"sceneViewState":{"showFog":true,"showMaterialUpdate":false,"showSkybox":true,"showFlares":true,"showImageEffects":true,"showParticleSystems":true,"showVisualEffectGraphs":true,"m_FxEnabled":true},"in2DMode":false,"pivot":{"x":-0.023336924612522126,"y":2.2587788105010988,"z":15.09000015258789},"rotation":{"x":0.11073271185159683,"y":0.026830565184354783,"z":-0.0029914157930761577,"w":0.9934897422790527},"size":10.067728996276856,"orthographic":false}