{"cameraMode":{"drawMode":0,"name":"Shaded","section":"Shading Mode"},"sceneLighting":false,"audioPlay":false,"sceneViewState":{"showFog":true,"showMaterialUpdate":false,"showSkybox":true,"showFlares":true,"showImageEffects":true,"showParticleSystems":true,"showVisualEffectGraphs":true,"m_FxEnabled":true},"in2DMode":false,"pivot":{"x":3.9102697372436525,"y":3.3405404090881349,"z":18.072481155395509},"rotation":{"x":-0.10297508537769318,"y":-0.11106821894645691,"z":0.011571439914405346,"w":-0.9883966445922852},"size":11.66872787475586,"orthographic":false}