{"cameraMode":{"drawMode":0,"name":"Shaded","section":"Shading Mode"},"sceneLighting":false,"audioPlay":false,"sceneViewState":{"showFog":true,"showMaterialUpdate":false,"showSkybox":true,"showFlares":true,"showImageEffects":true,"showParticleSystems":true,"showVisualEffectGraphs":true,"m_FxEnabled":true},"in2DMode":false,"pivot":{"x":-3.270854949951172,"y":3.6210341453552248,"z":19.633228302001954},"rotation":{"x":0.13491222262382508,"y":0.23971933126449586,"z":-0.033659450709819797,"w":0.9608311057090759},"size":11.939103126525879,"orthographic":true}