{"cameraMode":{"drawMode":0,"name":"Shaded","section":"Shading Mode"},"sceneLighting":false,"audioPlay":false,"sceneViewState":{"showFog":true,"showMaterialUpdate":false,"showSkybox":true,"showFlares":true,"showImageEffects":true,"showParticleSystems":true,"showVisualEffectGraphs":true,"m_FxEnabled":true},"in2DMode":false,"pivot":{"x":0.9259681701660156,"y":5.1762495040893559,"z":0.793004035949707},"rotation":{"x":0.10885932296514511,"y":-0.3761708438396454,"z":0.04455655813217163,"w":0.9190526604652405},"size":14.853107452392579,"orthographic":true}