{"cameraMode":{"drawMode":0,"name":"Shaded","section":"Shading Mode"},"sceneLighting":false,"audioPlay":false,"sceneViewState":{"showFog":true,"showMaterialUpdate":false,"showSkybox":true,"showFlares":true,"showImageEffects":true,"showParticleSystems":true,"showVisualEffectGraphs":true,"m_FxEnabled":true},"in2DMode":false,"pivot":{"x":-0.20037372410297395,"y":5.088505268096924,"z":12.09500789642334},"rotation":{"x":0.0030001215636730196,"y":0.0014997238758951426,"z":-0.000004644816272048047,"w":0.9999939799308777},"size":2.5302751064300539,"orthographic":false}