{"cameraMode":{"drawMode":0,"name":"Shaded","section":"Shading Mode"},"sceneLighting":false,"audioPlay":false,"sceneViewState":{"showFog":true,"showMaterialUpdate":false,"showSkybox":true,"showFlares":true,"showImageEffects":true,"showParticleSystems":true,"showVisualEffectGraphs":true,"m_FxEnabled":true},"in2DMode":false,"pivot":{"x":2.5029754638671877,"y":3.1129655838012697,"z":11.644594192504883},"rotation":{"x":0.10473766922950745,"y":0.2348656803369522,"z":-0.0254647396504879,"w":0.9660188555717468},"size":11.325408935546875,"orthographic":true}