{"cameraMode":{"drawMode":0,"name":"Shaded","section":"Shading Mode"},"sceneLighting":false,"audioPlay":false,"sceneViewState":{"showFog":true,"showMaterialUpdate":false,"showSkybox":true,"showFlares":true,"showImageEffects":true,"showParticleSystems":true,"showVisualEffectGraphs":true,"m_FxEnabled":true},"in2DMode":false,"pivot":{"x":3.8937454223632814,"y":2.0804872512817385,"z":16.742130279541017},"rotation":{"x":0.09134390205144882,"y":0.02389770932495594,"z":-0.0021814072970300915,"w":0.9955087900161743},"size":4.98079252243042,"orthographic":false}